{
    "mean_X": {
        "Distance": 7314.730337078651,
        "BBM": 9045.168539325843,
        "BBM_Distance": 66140106.85393258,
        "Type_Elderly": 0.3235955056179775,
        "Type_General": 0.31685393258426964,
        "Type_Student": 0.3595505617977528
    },
    "std_X": {
        "Distance": 3599.248335897606,
        "BBM": 1240.466668582497,
        "BBM_Distance": 34169362.16369458,
        "Type_Elderly": 0.4678476828646509,
        "Type_General": 0.4652499521656641,
        "Type_Student": 0.47986868548455336
    },
    "mean_y": 4775.2808988764045,
    "std_y": 1885.204420643203
}