{
    "mean_X": {
        "Distance": 7516.481481481482,
        "Type_Elderly": 0.35802469135802467,
        "Type_General": 0.30864197530864196,
        "Type_Student": 0.3333333333333333
    },
    "std_X": {
        "Distance": 3568.4360793106835,
        "Type_Elderly": 0.47941945281352094,
        "Type_General": 0.46193301071283227,
        "Type_Student": 0.47140452079103173
    },
    "mean_y": 5666.666666666667,
    "std_y": 2024.5407953653998
}