{"mean_X": 6735.0375, "std_X": 4149.9135787500145, "mean_y": 5925.0, "std_y": 2096.276460775153}