{
    "mean_X": {
        "Distance": 7533.92118226601,
        "BBM": 8561.576354679803,
        "Type_Elderly": 0.3251231527093596,
        "Type_General": 0.3497536945812808,
        "Type_Student": 0.3251231527093596
    },
    "std_X": {
        "Distance": 3565.9211252662726,
        "BBM": 1242.4952955407514,
        "Type_Elderly": 0.468420845268105,
        "Type_General": 0.4768920713411211,
        "Type_Student": 0.46842084526810507
    },
    "mean_y": 4866.995073891626,
    "std_y": 1885.136138600997
}